name,adapter,slug,coverage_priority,is_public_listed,seed_source,notes,careers_url
Accenture,workday,accenture:wd103:AccentureCareers,2,false,ats-detection,Largest private employer in Ireland,
Amazon,amazon,IRL,2,false,bespoke,Bespoke careers platform; country=IRL filter,
Google,google,"Dublin, Ireland",2,false,bespoke,No public API; careers page is server-rendered,
Intel,workday,intel:wd1:External,2,false,ats-detection,Leixlip and Dublin sites,
Pfizer,workday,pfizer:wd1:PfizerCareers,2,false,ats-detection,Irish manufacturing and commercial,
Workday,workday,workday:wd5:Workday,2,false,ats-detection,Dublin EMEA HQ,
Deloitte Ireland,workday,deloitteie:wd3:Early_Careers,2,false,ats-detection,Irish member firm,
Cairn Homes,workday,cairnhomes:wd502:External,1,true,euronext-dublin,ISEQ listed,
Uniphar,workday,uniphar:wd3:uniphar_external_careers,1,true,euronext-dublin,ISEQ listed,
Fenergo,workable,fenergocareers,1,false,ats-detection,Irish regtech scale-up,
Stripe,greenhouse,stripe,2,false,manual,Large Dublin engineering and operations site,
Intercom,greenhouse,intercom,2,false,manual,Founded in Dublin,
Datadog,greenhouse,datadog,2,false,manual,Dublin EMEA office,
MongoDB,greenhouse,mongodb,2,false,manual,Dublin office,
Elastic,greenhouse,elastic,2,false,manual,Distributed with Irish roles,
Toast,greenhouse,toast,2,false,manual,Dublin office,
Riot Games,greenhouse,riotgames,3,false,manual,Dublin office,
Airbnb,greenhouse,airbnb,2,false,manual,Dublin EMEA HQ,
Figma,greenhouse,figma,3,false,manual,,
Klaviyo,greenhouse,klaviyo,2,false,manual,Dublin office,
Twilio,greenhouse,twilio,2,false,manual,Dublin office,
Asana,greenhouse,asana,3,false,manual,,
Vercel,greenhouse,vercel,3,false,manual,,
Qualtrics,greenhouse,qualtrics,3,false,manual,Dublin office,
Dropbox,greenhouse,dropbox,3,false,manual,Dublin EMEA HQ,
Amplitude,ashby,amplitude,3,false,manual,Moved from Greenhouse (board gone) to Ashby,https://amplitude.com/careers
Udemy,greenhouse,udemy,3,false,manual,Dublin office,
Tines,greenhouse,tines,1,false,manual,Irish cybersecurity scale-up,
Flipdish,greenhouse,flipdish,1,false,manual,Irish scale-up,
Learnupon,greenhouse,learnupon,1,false,manual,Irish scale-up,
Notion,ashby,notion,3,false,manual,,
Ramp,ashby,ramp,3,false,manual,,
Confluent,ashby,confluent,3,false,manual,,
Miro,ashby,miro,3,false,manual,,
Mural,ashby,mural,3,false,manual,,
Wayflyer,ashby,wayflyer,1,false,manual,Irish fintech scale-up,
Workhuman,ashby,workhuman,1,false,manual,Irish HQ in Dublin,
Evervault,ashby,evervault,1,false,manual,Irish security startup,
Spotify,lever,spotify,3,false,manual,Dublin office,
Dunnes Stores,oleeo,dunnes.tal.net|3,2,false,recovered,Registered by the 2026-09-13 registry run; lost when state moved off Neon,https://www.dunnesstores.com/careers
Grant Thornton Ireland,oracle_recruiting,ehzq.fa.us2.oraclecloud.com|GrantThorntonIrelandExperiencedHires,2,false,recovered,Registered by the 2026-09-13 registry run; lost when state moved off Neon,https://www.grantthornton.ie/
BNY Mellon,oracle_recruiting,eofe.fa.us2.oraclecloud.com|BNY-Careers,1,false,recovered,Registered by the 2026-09-13 registry run; lost when state moved off Neon,https://www.bny.com/corporate/global/en.html
PM Group,icims,professionalapply-pmgroup-global,2,false,recovered,Registered by the 2026-09-13 registry run; lost when state moved off Neon,https://careers.pmgroup-global.com/careers/jobs
Designer Group,workable,designer-group-1,3,false,recovered,Registered by the 2026-09-13 registry run; lost when state moved off Neon,https://apply.workable.com/designer-group-1/j/19FB921376
ESB,successfactors,careers.esb.ie,1,false,recovered,Registered by the 2026-09-13 registry run; lost when state moved off Neon,https://esb.ie/careers
Susquehanna,icims,careers.sig.com,2,false,curated,careers site fronts this board; read whole for Ireland instead of sampled as JSON-LD,https://careers.sig.com/jobs
West Pharmaceutical,successfactors,careers.westpharma.com,3,false,recovered,Registered by the 2026-09-13 registry run; lost when state moved off Neon,https://www.westpharma.com/careers
Ethos Engineering,jsonld,https://careers.ethoseng.ie/,3,false,recovered,Registered by the 2026-09-13 registry run; lost when state moved off Neon,https://careers.ethoseng.ie/
Walkers Ireland,successfactors,careers.walkersglobal.com,3,false,recovered,Registered by the 2026-09-13 registry run; lost when state moved off Neon,https://www.walkersglobal.com/en/Join-Us
Byrne Wallace,bamboohr,byrnewallaceshields,3,false,recovered,Registered by the 2026-09-13 registry run; lost when state moved off Neon,https://byrnewallace.com/careers/
EirGrid,candidatemanager,YGTAZW|BEVDEV,2,false,recovered,Registered by the 2026-09-13 registry run; lost when state moved off Neon,https://www.eirgrid.ie/careers
eBay,workday,ebay:wd5:apply,2,false,recovered,Registered by the 2026-09-13 registry run; lost when state moved off Neon,https://careers.ebayinc.com/
Eurofins,smartrecruiters,Eurofins,3,false,recovered,Registered by the 2026-09-13 registry run; lost when state moved off Neon,https://careers.eurofins.com
Bearingpoint Ireland,greenhouse,bearingpoint,3,false,recovered,Registered by the 2026-09-13 registry run; lost when state moved off Neon,https://www.bearingpoint.com/en/careers/
Dell Technologies,oracle_recruiting,enterpriseplatform.dell.com|careers,1,false,recovered,Registered by the 2026-09-13 registry run; lost when state moved off Neon,https://enterpriseplatform.dell.com/hcmUI/CandidateExperience/en/sites/careers
Phorest,teamtailor,careers.phorest.com,2,false,recovered,Registered by the 2026-09-13 registry run; lost when state moved off Neon,https://careers.phorest.com/
SAP,successfactors,careers.sap.com|Ireland,1,false,curated,jobs.sap.com is a new site with few roles; the rest stay on careers.sap.com; searched for Ireland,https://careers.sap.com/search/?locationsearch=Ireland
Scopely,greenhouse,scopely,3,false,recovered,Registered by the 2026-09-13 registry run; lost when state moved off Neon,https://careers.scopely.com/us/en/c/art-jobs
Capgemini,successfactors,careers.capgemini.com,2,false,recovered,Registered by the 2026-09-13 registry run; lost when state moved off Neon,https://careers.capgemini.com
Glanbia,successfactors,careers.glanbia.com,1,false,recovered,Registered by the 2026-09-13 registry run; lost when state moved off Neon,https://careers.glanbia.com
Ocuco,bamboohr,ocuco,3,false,recovered,Registered by the 2026-09-13 registry run; lost when state moved off Neon,https://www.ocuco.com/company/careers/
AIB,successfactors,jobs.aib.ie,1,false,recovered,Registered by the 2026-09-13 registry run; lost when state moved off Neon,https://www.aib.ie/careers
AMCS Group,jsonld,https://www.amcsgroup.com/careers/,2,false,recovered,Registered by the 2026-09-13 registry run; lost when state moved off Neon,https://www.amcsgroup.com/careers/
BAM Ireland,phenom,www.bamcareers.com,2,false,curated,Phenom site read for Ireland (facet value IRL) instead of sampled as JSON-LD,https://www.bamcareers.com/ie/en
FreeNow,greenhouse,freenow,3,false,recovered,Registered by the 2026-09-13 registry run; lost when state moved off Neon,https://free-now.com
Smyths Toys,successfactors,careers.smythstoys.com,2,false,recovered,Registered by the 2026-09-13 registry run; lost when state moved off Neon,https://careers.smythstoys.com
Sherry FitzGerald,bamboohr,sherryfitz,3,false,recovered,Registered by the 2026-09-13 registry run; lost when state moved off Neon,https://sherryfitz.ie/careers
Equal1,ashby,equal1,3,false,recovered,Registered by the 2026-09-13 registry run; lost when state moved off Neon,https://www.equal1.com/
Integrity360,bamboohr,integrity360,3,false,recovered,Registered by the 2026-09-13 registry run; lost when state moved off Neon,https://www.integrity360.com/careers
Penneys,smartrecruiters,Primark,1,false,curated,careers site fronts this board; read whole for Ireland instead of sampled as JSON-LD,https://careers.primark.com/en
Yelp,jsonld,https://www.yelp.careers/us/en,3,false,recovered,Registered by the 2026-09-13 registry run; lost when state moved off Neon,https://www.yelp.careers/us/en
CluneTech,teamtailor,clunetech,3,false,recovered,Registered by the 2026-09-13 registry run; lost when state moved off Neon,https://www.clunetech.com/
Corvil,greenhouse,picoquantitativetrading,4,false,recovered,Registered by the 2026-09-13 registry run; lost when state moved off Neon,https://www.pico.net/about/careers/
Docusign,icims,careers.docusign.com,2,false,curated,careers site fronts this board; read whole for Ireland instead of sampled as JSON-LD,https://careers.docusign.com/careers-home
EdgeTier,ashby,edgetier.com,3,false,recovered,Registered by the 2026-09-13 registry run; lost when state moved off Neon,https://www.edgetier.com/careers/
Nory,ashby,nory,3,false,recovered,Registered by the 2026-09-13 registry run; lost when state moved off Neon,https://www.nory.ai/careers
Okta,greenhouse,okta,3,false,curated,Board owner named Okta by Greenhouse; read whole instead of sampled as JSON-LD,https://www.okta.com/company/careers/
PCI Pharma Services,workday,pciservices:wd1:External,3,false,recovered,Registered by the 2026-09-13 registry run; lost when state moved off Neon,https://pci.com/
Pipedrive,lever,pipedrive,3,false,recovered,Registered by the 2026-09-13 registry run; lost when state moved off Neon,https://www.pipedrive.com/en/jobs
Adobe,workday,adobe:wd5:external_experienced,2,false,curated,Phenom careers site is a front for this Workday board; read whole for Ireland instead of sampled as JSON-LD,https://careers.adobe.com/us/en
BlackRock,workday,blackrock:wd1:BlackRock_Professional,2,false,curated,careers site fronts this board; read whole for Ireland instead of sampled as JSON-LD,https://careers.blackrock.com/
Deciphex,bamboohr,deciphex,3,false,recovered,Registered by the 2026-09-13 registry run; lost when state moved off Neon,https://www.deciphex.com/careers/home
Demonware,workday,xboxgaming:wd1:External,3,false,curated,Xbox Gaming board (Activision; Blizzard; Demonware); its Irish roles are Demonware's Dublin studio,https://careers.demonware.net
Ding,bamboohr,ding,3,false,recovered,Registered by the 2026-09-13 registry run; lost when state moved off Neon,https://company.ding.com/careers/
Etsy,jsonld,https://careers.etsy.com,2,false,recovered,Registered by the 2026-09-13 registry run; lost when state moved off Neon,https://careers.etsy.com
Keywords Studios,jsonld,https://www.keywordsstudios.com/en/careers/browse-careers/,2,false,recovered,Registered by the 2026-09-13 registry run; lost when state moved off Neon,https://www.keywordsstudios.com/en/careers/browse-careers/
Payslip,greenhouse,payslipltd,3,false,recovered,Registered by the 2026-09-13 registry run; lost when state moved off Neon,https://payslip.com/careers
Perrigo,successfactors,careers.perrigo.com,3,false,recovered,Registered by the 2026-09-13 registry run; lost when state moved off Neon,https://careers.perrigo.com/
Randstad Ireland,jsonld,https://www.randstad.co.uk/jobs/s-it/ss-erp-crm/,3,false,recovered,Registered by the 2026-09-13 registry run; lost when state moved off Neon,https://www.randstad.co.uk/jobs/s-it/ss-erp-crm/
RTE,candidatemanager,YFBB|BAZFU,2,false,recovered,Registered by the 2026-09-13 registry run; lost when state moved off Neon,https://about.rte.ie/working-with-rte/vacancies/
Savills Ireland,teamtailor,careers.savills.com,3,false,curated,Teamtailor careers site read from its feed instead of sampled as JSON-LD,https://careers.savills.com/
Zeus Packaging,bamboohr,zeuspackaging,4,false,recovered,Registered by the 2026-09-13 registry run; lost when state moved off Neon,https://global.zeuspackaging.com/careers/
Airtable,greenhouse,airtable,3,false,recovered,Registered by the 2026-09-13 registry run; lost when state moved off Neon,https://airtable.com/careers
Algolia,greenhouse,algolia,3,false,recovered,Registered by the 2026-09-13 registry run; lost when state moved off Neon,https://www.algolia.com/careers
Amgen Ireland,workday,amgen:wd1:Careers,2,false,curated,careers site fronts this board; read whole for Ireland instead of sampled as JSON-LD,https://careers.amgen.com/en
Aon,icims,jobs.aon.com,3,false,curated,careers site fronts this board; read whole for Ireland instead of sampled as JSON-LD,https://jobs.aon.com/
AstraZeneca,eightfold,astrazeneca,2,false,curated,careers site fronts this board; read whole for Ireland instead of sampled as JSON-LD,https://careers.astrazeneca.com
Booking.com,icims,external-workingatbooking,2,false,recovered,Registered by the 2026-09-13 registry run; lost when state moved off Neon,https://careers.booking.com
Brex,jsonld,https://www.brex.com/careers,3,false,recovered,Registered by the 2026-09-13 registry run; lost when state moved off Neon,https://www.brex.com/careers
Broadridge,workday,broadridge:wd5:Careers,3,false,recovered,Registered by the 2026-09-13 registry run; lost when state moved off Neon,https://broadridge.wd5.myworkdayjobs.com/Careers
Central Bank of Ireland,candidatemanager,YUYF|BDCXCX,1,false,recovered,Registered by the 2026-09-13 registry run; lost when state moved off Neon,https://www.centralbank.ie/careers
Cisco,workday,cisco:wd5:Cisco_Careers,1,false,curated,Phenom careers site is a front for this Workday board; read whole for Ireland instead of sampled as JSON-LD,https://careers.cisco.com/global/en/home
Clark Energy,workday,rehlko:wd12:Reh,4,false,recovered,Registered by the 2026-09-13 registry run; lost when state moved off Neon,https://www.clarke-energy.com/careers/current-vacancies/
Contentful,greenhouse,contentful,3,false,recovered,Registered by the 2026-09-13 registry run; lost when state moved off Neon,https://contentful.com
Crowdcube Ireland,teamtailor,careers.crowdcube.com,4,false,recovered,Registered by the 2026-09-13 registry run; lost when state moved off Neon,https://careers.crowdcube.com
Danone Ireland,icims,notifications.careers.danone.com,3,false,recovered,Registered by the 2026-09-13 registry run; lost when state moved off Neon,https://careers.danone.com/en-global/home.html
Duolingo,greenhouse,duolingo,3,false,recovered,Registered by the 2026-09-13 registry run; lost when state moved off Neon,https://careers.duolingo.com
Emagine Ireland,ashby,emagine,4,false,recovered,Registered by the 2026-09-13 registry run; lost when state moved off Neon,https://www.emagine.ie/careers
Epic Games,greenhouse,epicgames,3,false,recovered,Registered by the 2026-09-13 registry run; lost when state moved off Neon,https://www.epicgames.com/site/careers
Excel Recruitment,jsonld,https://www.excelrecruitment.com/jobs/,3,false,recovered,Registered by the 2026-09-13 registry run; lost when state moved off Neon,https://www.excelrecruitment.com/jobs/
Exergyn,personio,exergyn,4,false,recovered,Registered by the 2026-09-13 registry run; lost when state moved off Neon,https://www.exergyn.com/careers/
Fineos,successfactors,careers.fineos.com,2,false,recovered,Registered by the 2026-09-13 registry run; lost when state moved off Neon,https://careers.fineos.com?utm_campaign=CorporateSite
Fonoa,ashby,fonoa,3,false,recovered,Registered by the 2026-09-13 registry run; lost when state moved off Neon,https://www.fonoa.com/company/careers
Fourtheorem,bamboohr,fourtheorem,4,false,recovered,Registered by the 2026-09-13 registry run; lost when state moved off Neon,https://fourtheorem.com/careers/
Freshworks,smartrecruiters,Freshworks,3,false,recovered,Registered by the 2026-09-13 registry run; lost when state moved off Neon,https://www.freshworks.com/company/careers/
GitHub,icims,careers-githubinc,3,false,recovered,Registered by the 2026-09-13 registry run; lost when state moved off Neon,https://www.github.careers/careers-home
Glofox,workday,abcfinancial:wd5:ABCFinancialServices,3,false,recovered,Registered by the 2026-09-13 registry run; lost when state moved off Neon,https://abcfitness.com/careers/
gradireland,jsonld,https://targetjobs.co.uk,1,false,recovered,Registered by the 2026-09-13 registry run; lost when state moved off Neon,https://targetjobs.co.uk
Grafana Labs,greenhouse,grafanalabs,3,false,recovered,Registered by the 2026-09-13 registry run; lost when state moved off Neon,https://grafana.com/careers/
HealthTech Ireland,jsonld,https://www.recruitmentplus.ie/,4,false,recovered,Registered by the 2026-09-13 registry run; lost when state moved off Neon,https://www.recruitmentplus.ie/
Hostelworld,teamtailor,people.hostelworld.com,3,false,recovered,Registered by the 2026-09-13 registry run; lost when state moved off Neon,https://people.hostelworld.com/
HPE,workday,hpe:wd5:Jobsathpe,2,false,curated,Phenom careers site is a front for this Workday board; read whole for Ireland instead of sampled as JSON-LD,https://careers.hpe.com/us/en
Jagex,workable,jagex-limited,4,false,recovered,Registered by the 2026-09-13 registry run; lost when state moved off Neon,https://apply.workable.com/jagex-limited/j/5A3D8037AA
Jaguar Land Rover Shannon,successfactors,www.jaguarlandrovercareers.com,3,false,recovered,Registered by the 2026-09-13 registry run; lost when state moved off Neon,https://careers.jaguarlandrover.com/
Keelvar,personio,keelvar,3,false,recovered,Registered by the 2026-09-13 registry run; lost when state moved off Neon,https://www.keelvar.com/careers
AXA Ireland,icims,careers.axa.com,3,false,curated,AXA group board filtered to Ireland; covers AXA Ireland and Laya Healthcare,https://careers.axa.com/careers-home/jobs
Lightyear,jsonld,https://careers.lightyear.com,4,false,recovered,Registered by the 2026-09-13 registry run; lost when state moved off Neon,https://careers.lightyear.com
Marqeta,ashby,marqeta-inc,3,false,recovered,Registered by the 2026-09-13 registry run; lost when state moved off Neon,https://www.marqeta.com/careers/e0948ad4-4957-47d1-a903-4f7eae10a8ce
McAfee,icims,careers-mcafee,3,false,recovered,Registered by the 2026-09-13 registry run; lost when state moved off Neon,https://careers.mcafee.com/home
Mixpanel,greenhouse,mixpanel,3,false,recovered,Registered by the 2026-09-13 registry run; lost when state moved off Neon,https://mixpanel.com/jobs/
Modulr,greenhouse,modulrfinance,3,false,recovered,Registered by the 2026-09-13 registry run; lost when state moved off Neon,https://www.modulrfinance.com/careers
N26,greenhouse,n26,3,false,curated,careers site fronts this board; read whole for Ireland instead of sampled as JSON-LD,https://n26.com/en-eu/careers
Netlify,greenhouse,netlify,3,false,recovered,Registered by the 2026-09-13 registry run; lost when state moved off Neon,https://www.netlify.com/careers/
Nium,lever,nium,3,false,recovered,Registered by the 2026-09-13 registry run; lost when state moved off Neon,https://www.nium.com/careers
Novartis Ireland,workday,novartis:wd3:Novartis_Careers,2,false,curated,careers site fronts this board; read whole for Ireland instead of sampled as JSON-LD,https://www.novartis.com/careers
Oneview Healthcare,bamboohr,oneviewhealthcare,3,false,recovered,Registered by the 2026-09-13 registry run; lost when state moved off Neon,https://www.oneviewhealthcare.com/careers/
Optimizely,successfactors,careers.optimizely.com,3,false,recovered,Registered by the 2026-09-13 registry run; lost when state moved off Neon,https://www.optimizely.com/company/life-at-optimizely
Optiver,jsonld,https://www.optiver.com/join-us/jobs/,3,false,recovered,Registered by the 2026-09-13 registry run; lost when state moved off Neon,https://www.optiver.com/join-us/jobs/
Output Sports,personio,output-sports,4,false,recovered,Registered by the 2026-09-13 registry run; lost when state moved off Neon,https://www.outputsports.com/
PepsiCo Ireland,icims,www.pepsicojobs.com,2,false,curated,careers site fronts this board; read whole for Ireland instead of sampled as JSON-LD,https://www.pepsicojobs.com/main/
Plaid,ashby,plaid,3,false,recovered,Registered by the 2026-09-13 registry run; lost when state moved off Neon,https://plaid.com/careers/openings/design/product-designer/
Profitero,jsonld,https://careers.publicisgroupe.com/profitero/jobs,3,false,recovered,Registered by the 2026-09-13 registry run; lost when state moved off Neon,https://careers.publicisgroupe.com/profitero/jobs
Sanity,ashby,sanity,4,false,recovered,Registered by the 2026-09-13 registry run; lost when state moved off Neon,https://www.sanity.io/careers/ae-usa
Sanofi Ireland,workday,sanofi:wd3:SanofiCareers,2,false,curated,careers site fronts this board; read whole for Ireland instead of sampled as JSON-LD,https://jobs.sanofi.com/en
Sentry,ashby,sentry,3,false,recovered,Registered by the 2026-09-13 registry run; lost when state moved off Neon,https://sentry.io/careers/
Shutterstock,workday,shutterstock:wd1:ShutterstockCareers,3,false,recovered,Registered by the 2026-09-13 registry run; lost when state moved off Neon,https://careers.shutterstock.com/us/en
SilverCloud Health,greenhouse,amwell,3,false,recovered,Registered by the 2026-09-13 registry run; lost when state moved off Neon,https://silvercloud.amwell.com/about-us/careers
Snowflake,ashby,snowflake,2,false,curated,careers site fronts this board; read whole for Ireland instead of sampled as JSON-LD,https://careers.snowflake.com/us/en
Sopra Steria,smartrecruiters,SopraSteria1,3,false,recovered,Registered by the 2026-09-13 registry run; lost when state moved off Neon,https://careers.soprasteria.com/
Spectrum.Life,personio,spectrum-life,3,false,recovered,Registered by the 2026-09-13 registry run; lost when state moved off Neon,https://www.spectrum.life/
Supabase,ashby,supabase,3,false,recovered,Registered by the 2026-09-13 registry run; lost when state moved off Neon,https://supabase.com/careers
Takeda Ireland,workday,takeda:wd502:External,2,false,curated,careers site fronts this board; read whole for Ireland instead of sampled as JSON-LD,https://jobs.takeda.com
Taxamo,workday,vertexinc:wd1:VertexInc,4,false,recovered,Registered by the 2026-09-13 registry run; lost when state moved off Neon,https://www.vertexinc.com/company/careers
Teleflex,successfactors,careers.teleflex.com,2,false,recovered,Registered by the 2026-09-13 registry run; lost when state moved off Neon,https://careers.teleflex.com
Tirlan,successfactors,careers.tirlan.com,3,false,recovered,Registered by the 2026-09-13 registry run; lost when state moved off Neon,https://www.tirlan.com/tirlan-careers
Toolbx,ashby,toolbx,4,false,recovered,Registered by the 2026-09-13 registry run; lost when state moved off Neon,https://www.toolbx.com/careers
TripAdvisor,greenhouse,tripadvisor,3,false,recovered,Registered by the 2026-09-13 registry run; lost when state moved off Neon,https://careers.tripadvisor.com
Twitch,greenhouse,twitch,3,false,recovered,Registered by the 2026-09-13 registry run; lost when state moved off Neon,https://www.twitch.tv/p/jobs/?utm_source=jobs
Tyndall National Institute,jsonld,https://www.tyndall.ie/careers/,3,false,recovered,Registered by the 2026-09-13 registry run; lost when state moved off Neon,https://www.tyndall.ie/careers/
Typeform,greenhouse,typeform,3,false,recovered,Registered by the 2026-09-13 registry run; lost when state moved off Neon,https://www.typeform.com/careers
Uber,oracle_recruiting,iaziqy.fa.ocs.oraclecloud.com|UberCareers,2,false,curated,careers site fronts this board; read whole for Ireland instead of sampled as JSON-LD,https://jobs.uber.com/en/
Unity,workday,unitytech:wd1:Unity,3,false,recovered,Registered by the 2026-09-13 registry run; lost when state moved off Neon,https://unity.com/careers/positions
UrbanVolt,personio,urbanvolt,4,false,recovered,Registered by the 2026-09-13 registry run; lost when state moved off Neon,https://urbanvolt.com/careers/
Vertical Bridge,greenhouse,verticalbridge,4,false,recovered,Registered by the 2026-09-13 registry run; lost when state moved off Neon,https://verticalbridge.ie
Willis Towers Watson,jsonld,https://careers.wtwco.com,3,false,recovered,Registered by the 2026-09-13 registry run; lost when state moved off Neon,https://careers.wtwco.com
Wise,smartrecruiters,Wise,2,false,curated,SmartRecruiters board owned by Wise; read for Ireland instead of sampled as JSON-LD,https://wise.jobs/
Xilinx,icims,careers.amd.com,3,false,curated,"AMD's board (Xilinx is now AMD Dublin), read for Ireland",https://careers.amd.com/careers-home/jobs
Zimmer Biomet,phenom,careers.zimmerbiomet.com,2,false,curated,Phenom site read for Ireland instead of sampled as JSON-LD; Shannon,https://careers.zimmerbiomet.com
Zinkworks,teamtailor,zinkworks,3,false,recovered,Registered by the 2026-09-13 registry run; lost when state moved off Neon,https://www.zinkworks.com/careers/
Public Appointments Service,publicjobs,3,1,false,board,publicjobs.ie main board - every civil and public service competition,https://www.publicjobs.ie/en/
Public Appointments Service,publicjobs,6,1,false,board,publicjobs.ie medical consultants board,https://www.publicjobs.ie/en/
Public Appointments Service,publicjobs,7,1,false,board,publicjobs.ie state boards,https://www.publicjobs.ie/en/
Microsoft,eightfold,microsoft|microsoft.com,1,false,bespoke,careers.microsoft.com now runs on Eightfold; Leopardstown campus,https://careers.microsoft.com/
Salesforce,workday,salesforce:wd12:External_Career_Site,1,false,ats-detection,Dublin tower; Workday board,https://careers.salesforce.com/
gradireland,gradireland,all,1,false,board,"Graduate jobs, schemes and internships from ~300 Irish employers",https://gradireland.com/graduate-jobs
Apple,apple,ireland-IRL,1,false,bespoke,Own platform; search page carries its results as hydration data,https://jobs.apple.com/en-ie/search?location=ireland-IRL
TikTok,tiktok,CT_37,1,false,bespoke,lifeattiktok.com search API; CT_37 is Dublin,https://lifeattiktok.com/search
IBM,ibm,Ireland,1,false,bespoke,IBM site search API filtered to Ireland; Mulhuddart campus,https://www.ibm.com/careers/search
Zoom,workday,zoom:wd5:Zoom,3,false,curated,Zoom's own tenant; detection had matched an unrelated Fortune board,https://careers.zoom.us
Marsh Ireland,workday,mmc:wd1:MMC,3,false,curated,Marsh McLennan board (Marsh; Mercer; Oliver Wyman; Guy Carpenter),https://careers.marsh.com/eu/en
Medtronic,workday,medtronic:wd1:MedtronicCareers,1,false,curated,Galway and Dublin,https://medtronic.wd1.myworkdayjobs.com/MedtronicCareers
Fidelity Investments,workday,fmr:wd1:FidelityCareers,1,false,curated,Dublin and Galway,https://jobs.fidelity.com
Diageo Ireland,workday,diageo:wd3:Diageo_Careers,1,false,curated,St James's Gate,https://diageo.wd3.myworkdayjobs.com/Diageo_Careers
Boston Scientific,eightfold,bostonscientific,1,false,curated,Galway and Clonmel,https://bostonscientific.eightfold.ai/careers
PayPal,eightfold,paypal,1,false,curated,Dublin,https://paypal.eightfold.ai/careers
Dublin Airport Authority,oracle_recruiting,fa-etol-saasfaprod1.fa.ocs.oraclecloud.com|CX_1,1,false,curated,Found by rendering daa.ie/careers,https://fa-etol-saasfaprod1.fa.ocs.oraclecloud.com/hcmUI/CandidateExperience/en/sites/CX_1
JPMorgan Chase,oracle_recruiting,jpmc.fa.oraclecloud.com|CX_1001,1,false,curated,Dublin; read filtered to Ireland,https://jpmc.fa.oraclecloud.com/hcmUI/CandidateExperience/en/sites/CX_1001
Analog Devices,workday,analogdevices:wd1:External,2,false,curated,Found through the tenant's robots.txt site list; Limerick and Dublin,https://analogdevices.wd1.myworkdayjobs.com/External
IQVIA,workday,iqvia:wd1:IQVIA,2,false,curated,Found through the tenant's robots.txt site list,https://iqvia.wd1.myworkdayjobs.com/IQVIA
Regeneron Ireland,workday,regeneron:wd1:Careers,2,false,curated,Found through the tenant's robots.txt site list,https://regeneron.wd1.myworkdayjobs.com/Careers
GSK Ireland,workday,gsk:wd5:GSKCareers,2,false,curated,Found through the tenant's robots.txt site list,https://gsk.wd5.myworkdayjobs.com/GSKCareers
Expedia,workday,expedia:wd108:search,2,false,curated,Found through the tenant's robots.txt site list,https://expedia.wd108.myworkdayjobs.com/search
Revolut,revolut,Ireland,1,false,bespoke,Positions embedded in the careers page; Irish ones read with their adverts,https://www.revolut.com/careers/?city=Dublin
Kerry Group,phenom,jobs.kerry.com,1,true,curated,Phenom site; its SuccessFactors back end has no public search,https://jobs.kerry.com
Ryanair,successfactors,jobs.ryanair.com|Ireland,1,true,curated,Global board searched for Ireland (Dublin and Shannon),https://careers.ryanair.com/jobs/
CRH,successfactors,jobs.crh.com|Ireland,1,true,curated,SuccessFactors search app read through its JSON endpoint,https://jobs.crh.com/go/CRH-International/9763801/
Vodafone Ireland,successfactors,opportunities.vodafone.com|Ireland,1,false,curated,Vodafone group board searched for Ireland,https://opportunities.vodafone.com
Health Service Executive,hse,all,1,false,bespoke,HSE job search read page by page; confined competitions left out,https://about.hse.ie/jobs/job-search/
University College Dublin,corehr,"ucdrecruit|1|Dublin, Ireland",1,false,curated,CoreHR e-recruitment,https://www.ucd.ie/hr/jobs/
Trinity College Dublin,corehr,"trrecruit|1|Dublin, Ireland",1,false,curated,CoreHR e-recruitment (jobs.tcd.ie),https://jobs.tcd.ie/
Dublin City University,corehr,"dcurecruit|1|Dublin, Ireland",1,false,curated,CoreHR e-recruitment,https://www.dcu.ie/people/jobs
Technological University Dublin,corehr,"tudrecruit|1|Dublin, Ireland",1,false,curated,CoreHR e-recruitment,https://www.tudublin.ie/explore/jobs/
Royal College of Surgeons in Ireland,corehr,"rcsirecruit|1000|Dublin, Ireland",2,false,curated,CoreHR e-recruitment,https://www.rcsi.com/careers
Maynooth University,corehr,"nuimrecruit|1|Maynooth, Co. Kildare, Ireland",2,false,curated,CoreHR e-recruitment,https://www.maynoothuniversity.ie/human-resources/vacancies
University College Cork,corehr,"uccrecruit|5023|Cork, Ireland",2,false,curated,CoreHR e-recruitment,https://www.ucc.ie/en/hr/vacancies/
University of Galway,corehr,"nuigrecruit|1|Galway, Ireland",2,false,curated,CoreHR e-recruitment,https://www.universityofgalway.ie/about-us/jobs/
Eir,careers_html,https://jobs.eir.care/jobs,1,false,curated,Odoo careers site read as a plain vacancy list,https://jobs.eir.care/jobs
Three Ireland,cornerstone,three-ireland|5,1,false,curated,Cornerstone career site read through its regional search API,https://three-ireland.csod.com/ux/ats/careersite/5/home?c=three-ireland
Block,greenhouse,block,2,false,curated,Board owner named Block by Greenhouse,https://block.xyz/careers
Databricks,greenhouse,databricks,2,false,curated,Board owner named Databricks by Greenhouse,https://www.databricks.com/company/careers
Adyen,greenhouse,adyen,2,false,curated,Board owner named Adyen by Greenhouse,https://careers.adyen.com
SumUp,greenhouse,sumup,3,false,curated,Board owner named SumUp by Greenhouse; Dublin office,https://www.sumup.com/careers/
Deliveroo,greenhouse,deliveroo,2,false,curated,Board owner named Deliveroo by Greenhouse,https://careers.deliveroo.co.uk
Roblox,greenhouse,roblox,3,false,curated,Board owner named Roblox by Greenhouse,https://careers.roblox.com
ICON plc,workday,icon:wd3:broadbean_external,1,true,curated,Found through the tenant's robots.txt site list; clinical research roles in Dublin,https://careers.iconplc.com/
Mallinckrodt,workday,mallinckrodt:wd5:MallinckrodtCareers,3,false,curated,Found through the tenant's robots.txt site list,https://mallinckrodt.wd5.myworkdayjobs.com/MallinckrodtCareers
Worldpay,workday,worldpay:wd5:Worldpay_External_Careers_Site,3,false,curated,Found through the tenant's robots.txt site list,https://worldpay.wd5.myworkdayjobs.com/Worldpay_External_Careers_Site
Oracle,oracle_recruiting,eeho.fa.us2.oraclecloud.com|CX_45001,1,false,curated,Oracle's own Candidate Experience site; read for Ireland,https://careers.oracle.com/en/sites/jobsearch
ServiceNow,smartrecruiters,ServiceNow,1,false,curated,SmartRecruiters board owned by ServiceNow; read for Ireland,https://careers.servicenow.com
Thermo Fisher Scientific,workday,thermofisher:wd5:ThermoFisherCareers,2,false,curated,Workday board read for Ireland,https://jobs.thermofisher.com
Morgan Stanley,eightfold,morganstanley,2,false,curated,Eightfold board read for Ireland,https://morganstanley.eightfold.ai/careers
HP,workday,hp:wd5:ExternalCareerSite,2,false,curated,Workday board read for Ireland,https://jobs.hp.com
HubSpot,greenhouse,hubspotjobs,1,false,curated,Greenhouse board owned by HubSpot,https://www.hubspot.com/careers
Irish Distillers,workday,pernodricard:wd3:pernod-ricard,2,false,curated,Pernod Ricard's Workday board; its Irish roles are Irish Distillers',https://www.irishdistillers.ie
Ericsson,eightfold,ericsson,2,false,curated,Eightfold board read for Ireland (Athlone),https://jobs.ericsson.com/careers
Eli Lilly,eightfold,lilly,2,false,curated,Eightfold board read for Ireland,https://careers.lilly.com
VHI,candidatemanager,YGTGTU|YCXAZF,2,false,curated,CandidateManager board linked from vhi.ie/careers,https://www1.vhi.ie/about/careers
Arthur Cox,pinpoint,arthurcox,2,false,curated,Pinpoint board,https://www.arthurcox.com/careers/
Mason Hayes & Curran,hirehive,mason-hayes-and-curran,2,false,curated,HireHive board,https://www.mhc.ie/careers
Cubic Telecom,ashby,cubic3,2,false,curated,Ashby board linked from cubictelecom.com/careers,https://www.cubictelecom.com/careers
John Sisk & Son,icims,classic:careers-johnsiskandson,2,false,curated,Classic iCIMS portal (Sisk group; Irish and UK roles),https://sisk.com/careers
Cook Medical,icims,classic:emea-cookmedical,2,false,curated,Classic iCIMS portal for EMEA (Limerick),https://www.cookmedical.com/careers/
Allianz Ireland,phenom,careers.allianz.com/ie/en,2,false,curated,"Allianz group Phenom site, Ireland section",https://careers.allianz.com/ie/en
Applegreen,rezoomo,applegreen-stores,2,false,curated,Rezoomo company page (Irish forecourts),https://www.rezoomo.com/company/applegreen-stores/jobs/
Almac Group,rezoomo,almac-group,3,false,curated,Rezoomo company page,https://www.rezoomo.com/company/almac-group/jobs/
Enterprise Ireland,rezoomo,enterprise-ireland,2,false,curated,Rezoomo company page,https://www.rezoomo.com/company/enterprise-ireland/jobs/
Supermac's,rezoomo,supermacs,3,false,curated,Rezoomo company page,https://www.rezoomo.com/company/supermacs/jobs/
Bord na Mona,rezoomo,bord-na-mona,2,false,curated,Rezoomo company page,https://www.rezoomo.com/company/bord-na-mona/jobs/
Dogpatch Labs,rezoomo,dogpatch-labs,4,false,curated,Rezoomo company page,https://www.rezoomo.com/company/dogpatch-labs/jobs/
Goldman Sachs,oracle_recruiting,hdpc.fa.us2.oraclecloud.com|LateralHiring,2,false,curated,Oracle Candidate Experience site read for Ireland,https://higher.gs.com
Ornua,successfactors,careers.ornua.com,2,false,curated,SuccessFactors careers site,https://careers.ornua.com/search/
C&C Group,careers_html,https://careers.candcgroupplc.com/vacancies/,2,true,curated,Vacancy list read by the generic HTML reader,https://careers.candcgroupplc.com/vacancies/
Aircraft Leasing - AerCap,careers_html,https://www.aercap.com/careers/career-opportunities,2,true,curated,Vacancy list read by the generic HTML reader,https://www.aercap.com/careers/career-opportunities
Jazz Pharmaceuticals,careers_html,https://careers.jazzpharma.com/jobs/,2,false,curated,Own job search; its Workday site refuses the public API,https://careers.jazzpharma.com/jobs/
Maples Group,careers_html,https://maplesgroupcareers.ttcportals.com/search/jobs,2,false,curated,Careers portal read by the generic HTML reader,https://maplesgroupcareers.ttcportals.com/
Jones Engineering,hrmanager,joneseng,2,false,curated,HR Manager job portal API,https://joneseng.com/careers/current-opportunities/
Uisce Eireann,oracle_recruiting,elyx.fa.em2.oraclecloud.com|CX_1001,2,false,curated,Oracle Candidate Experience site embedded in water.ie/about/careers/portal,https://www.water.ie/about/careers/portal
Glenveagh Properties,workable,glenveagh-properties-plc,2,true,curated,Workable account behind glenveagh.ie careers,https://apply.workable.com/glenveagh-properties-plc/
Brown Thomas Arnotts,taleo_tbe,lde.tbe.taleo.net/lde02|ARNOTTS|70,2,false,curated,Taleo Business Edition career section 70,https://lde.tbe.taleo.net/lde02/ats/careers/v2/searchResults?org=ARNOTTS&cws=70
Brown Thomas Arnotts,taleo_tbe,lde.tbe.taleo.net/lde02|ARNOTTS|71,2,false,curated,Taleo Business Edition career section 71,https://lde.tbe.taleo.net/lde02/ats/careers/v2/searchResults?org=ARNOTTS&cws=71
Brown Thomas Arnotts,taleo_tbe,lde.tbe.taleo.net/lde02|ARNOTTS|72,2,false,curated,Taleo Business Edition career section 72,https://lde.tbe.taleo.net/lde02/ats/careers/v2/searchResults?org=ARNOTTS&cws=72
Brown Thomas Arnotts,taleo_tbe,lde.tbe.taleo.net/lde02|ARNOTTS|79,2,false,curated,Taleo Business Edition career section 79,https://lde.tbe.taleo.net/lde02/ats/careers/v2/searchResults?org=ARNOTTS&cws=79
SS&C Technologies,workday,ssctech:wd1:SSCTechnologies,2,false,curated,Workday board read for Ireland,https://www.ssctech.com/careers
Zurich Insurance,successfactors,www.careers.zurich.com|Ireland,2,false,curated,Zurich group SuccessFactors site searched for Ireland,https://www.zurich.ie/careers/career-opportunities/
Musgrave Group,wordpress,musgravegroup.com|vacancy,1,false,curated,WordPress vacancy post type read through the REST API,https://musgravegroup.com/careers/vacancies/
DPS Group,wordpress,dpsgroupglobal.com|job-listings,3,false,curated,WP Job Manager listings read through the WordPress REST API,https://dpsgroupglobal.com/careers/
Ergo,wordpress,"ergogroup.ie|career|Dublin, Ireland",2,false,curated,"WordPress career post type; roles state no place, Ergo is Dublin-based",https://ergogroup.ie/careers/
HealthBeacon,wordpress,"healthbeacon.com|jobs|Dublin, Ireland",4,true,curated,"WordPress jobs post type; roles state no place, HealthBeacon is Dublin-based",https://healthbeacon.com/careers/
Dalata Hotel Group,jsonld,"https://careers.dalatahotelgroup.com/jobs|max=400|match=-\d{5,}\.htm$",2,true,curated,Every job page in the sitemap carries JobPosting markup,https://careers.dalatahotelgroup.com/jobs
ElevenLabs,ashby,elevenlabs,2,false,curated,Voice AI; many roles list Dublin among their offices,https://elevenlabs.io/careers
LiveKit,ashby,livekit,3,false,curated,Voice AI infrastructure; remote-Ireland roles,https://livekit.io/careers
Codec,pinpoint,codec,3,false,curated,pinpoint board found by name; roles confirmed as the company's own,
Storm Technology,hirehive,storm,3,false,curated,hirehive board found by name; roles confirmed as the company's own,
Fund Recs,hirehive,fund-recs,4,false,curated,hirehive board found by name; roles confirmed as the company's own,
Boxever,hirehive,boxever,4,false,curated,hirehive board found by name; roles confirmed as the company's own,
Bizimply,pinpoint,bizimply,3,false,curated,pinpoint board found by name; roles confirmed as the company's own,
Netwatch,bamboohr,netwatch,3,false,curated,bamboohr board found by name; roles confirmed as the company's own,
Scurri,pinpoint,scurri,3,false,curated,pinpoint board found by name; roles confirmed as the company's own,
Utmost,bamboohr,utmost,4,false,curated,bamboohr board found by name; roles confirmed as the company's own,
CurrencyFair,bamboohr,currencyfair,3,false,curated,bamboohr board found by name; roles confirmed as the company's own,
Nuvei Ireland,workable,nuvei,3,false,curated,Workable account embedded on nuvei.com/careers,
TitanHQ,occupop,cybersentriq,3,false,curated,Occupop board under its new name CyberSentriq,
Nuritas,hirehive,nuritas,3,false,curated,HireHive board embedded on nuritas.com/careers,
Openjaw Technologies,bamboohr,openjawtech,3,false,curated,BambooHR board linked from openjawtech.com/careers,
Nostra,hibob,nostra,4,false,curated,HiBob careers site,
Corlytics,hibob,corlytics,3,false,curated,HiBob careers site,
PlanNet21,hibob,conscia,4,false,curated,Now Conscia; HiBob careers site for the group,
Codex,personio,codex,4,false,curated,Personio board linked from codex.ie/careers,
Qualcomm,eightfold,qualcomm,3,false,curated,Eightfold board read for Ireland (Cork); found by the detection sweep and checked,
BDO Ireland,pinpoint,bdoireland,3,false,curated,Pinpoint board; found by the detection sweep and checked,
Mazars Ireland,recruitee,forvismazars,3,false,curated,Forvis Mazars Ireland's Recruitee board; found by the detection sweep and checked,
IDA Ireland,candidatemanager,YGTEVY|BGTEVCX,2,false,curated,CandidateManager board; found by the detection sweep and checked,
Sigmar Recruitment,candidatemanager,YGTGTCX|YBEVW,2,false,curated,CandidateManager board for its public-sector recruitment; found by the detection sweep and checked,
Daon,bamboohr,daoninc,3,false,curated,BambooHR board linked from daon.com/careers,
Teamwork,personio,teamwork,2,false,curated,Personio board,
TransferMate,teamtailor,clunetech-transfermate,3,false,curated,"Teamtailor site of its parent Clunetech, TransferMate division",
Emydex,wordpress,www.emydex.com|careers,4,false,curated,WordPress careers post type,
The ORS Group,bamboohr,ors,3,false,curated,BambooHR board embedded on ors.ie/careers (UCD Careers list),https://ors.ie/careers/
PJ Hegarty & Sons,bamboohr,pjhegarty,3,false,curated,BambooHR board embedded on pjhegarty.ie (UCD Careers list),https://www.pjhegarty.ie/career-open-position/
Winthrop Technologies,workable,winthrop-technologies,2,false,curated,Workable board embedded on winthrop.ie/careers (UCD Careers list),https://winthrop.ie/careers/
Irish Defence Forces,rezoomo,irish-defence-forces,2,false,curated,Rezoomo board linked from military.ie (UCD Careers list),https://irish-defence-forces.rezoomo.com/jobs/
Amey,successfactors,careers.amey.co.uk|Ireland,3,false,curated,SuccessFactors careers site searched for Ireland (UCD Careers list),https://careers.amey.co.uk/
Applied Materials,eightfold,appliedmaterials|appliedmaterials.com,3,false,curated,Eightfold board read for Ireland (Leixlip) (UCD Careers list),https://careers.appliedmaterials.com/careers
Enva,pinpoint,enva,3,false,curated,Pinpoint board behind enva.com/careers/vacancies (UCD Careers list),https://enva.com/careers/vacancies
Fehily Timoney,careers_html,https://www.fehilytimoney.ie/careers-positions/,4,false,curated,Vacancy list on its own site (UCD Careers list),https://www.fehilytimoney.ie/careers/
John Paul Construction,careers_html,https://www.johnpaul.ie/working-with-us/current-opportunities/,3,false,curated,Vacancy list on its own site (UCD Careers list),https://www.johnpaul.ie/working-with-us/current-opportunities/
Infineon,eightfold,infineon|infineon.com,2,false,curated,Eightfold board read for Ireland (Dublin and Cork design centres) (UCD Careers list),https://jobs.infineon.com/careers
Roughan & O'Donovan,careers_html,https://www.rod.ie/careers/job-vacancies,4,false,curated,Vacancy list on its own site (UCD Careers list),https://www.rod.ie/careers
Punch Consulting Engineers,careers_html,https://punchconsulting.com/careers/,4,false,curated,Vacancy list on its own site (UCD Careers list),https://punchconsulting.com/careers/
NeoDyne,occupop,neodyne,3,false,curated,Occupop board behind neodyne.com/current-opportunities (UCD Careers list),https://neodyne.com/current-opportunities/
Rockwell Engineering,occupop,rockwell,4,false,curated,Occupop board behind rockwell.ie/careers/open-roles (UCD Careers list),https://www.rockwell.ie/careers/open-roles/
Murphy International,successfactors,careers.murphygroup.com|Ireland,2,false,curated,SuccessFactors site published in en_GB only; searched for Ireland (UCD Careers list),https://careers.murphygroup.com/
Colas,successfactors,colas.jobs.hr.cloud.sap|Ireland,4,false,curated,Colas group SuccessFactors site searched for Ireland (UCD Careers list),https://colas.ie/careers/
H&MV Engineering,hrcloud,hmveng.corehr.hrcloud.hr,3,false,curated,CoreHR board on HR Cloud linked from hmvengineering.com/careers (UCD Careers list),https://www.hmvengineering.com/careers/
Deloitte Ireland,workday,deloitteie:wd3:experienced_professionals,1,false,curated,Experienced hires site; only Early_Careers was read before (UCD Careers list),https://www.deloitte.com/ie/en/careers.html
EY Ireland,successfactors,careers.ey.com|Ireland,1,false,curated,EY's own careers site searched for Ireland; the recruitee board is EY Law Ireland only (UCD Careers list),https://www.ey.com/en_ie/careers
KPMG Ireland,avature,kpmgireland.avature.net/experiencedhires,1,false,curated,Avature portal for experienced hires (UCD Careers list),https://kpmg.com/ie/en/careers/experienced-professionals.html
KPMG Ireland,avature,kpmgireland.avature.net/careers,1,false,curated,Avature portal for graduate programmes (UCD Careers list),https://kpmg.com/ie/en/careers.html
RSM Ireland,candidatemanager,YGTFD|YAZYB,2,false,curated,CandidateManager board embedded on rsm.global/ireland (UCD Careers list),https://www.rsm.global/ireland/careers/experienced-hires
Crowe Ireland,bamboohr,crowe,3,false,curated,BambooHR board embedded on crowe.com/ie/careers/jobs (UCD Careers list),https://www.crowe.com/ie/careers/jobs
RBK,careers_html,https://www.rbk.ie/careers/,3,false,curated,Vacancy list on its own site (UCD Careers list),https://www.rbk.ie/careers/
PIMCO,workday,pimco:wd1:pimco-careers,2,false,curated,Workday board read for Ireland (UCD Careers list),https://www.pimco.com/eu/en/about-us/careers
Brown & Brown Ireland,workday,bbinsurance:wd1:Careers_Europe,3,false,curated,Brown & Brown's European Workday site read for Ireland (UCD Careers list),https://www.bbrown.ie/
2K,greenhouse,2k,3,false,curated,Greenhouse board; 2K's Dublin studio posts here (UCD Careers list),https://2k.com/careers/
Teneo,greenhouse,teneo,3,false,curated,Greenhouse board behind teneo.com/careers (UCD Careers list),https://www.teneo.com/careers/open-positions/
Brown Brothers Harriman,workday,bbh:wd5:BBH,2,false,curated,Workday board read for Ireland (Dublin and Kilkenny) (UCD Careers list),https://www.bbh.com/us/en/careers.html
SEI Investments,workday,seic:wd1:SEI_Global_Services,2,false,curated,Workday board read for Ireland (UCD Careers list),https://www.seic.com/careers
Sysco Ireland,workday,sysco:wd5:syscocareers,3,false,curated,Sysco's Workday site read for Ireland (UCD Careers list),https://sysco.ie/
Carlyle,workday,carlyle:wd1:Carlyle,3,false,curated,Carlyle's Workday site; its Dublin roles are Carlyle Aviation (UCD Careers list),https://www.carlyle.com/careers
Enterprise Mobility Ireland,jsonld,https://ire-erac.icims.com/jobs/search?ss=1&in_iframe=1,2,false,curated,Enterprise's Irish iCIMS portal read through its job pages' JSON-LD (UCD Careers list),https://www.enterprisemobility.ie/en/careers.html
TD Securities,workday,td:wd3:TD_Bank_Careers,2,false,curated,TD's Workday site read for Ireland; its Dublin roles are TD Securities (UCD Careers list),https://jobs.td.com/
Dun & Bradstreet,lever,dnb,2,false,curated,Lever board behind dnb.com careers read for Ireland (UCD Careers list),https://www.dnb.com/en-us/about/careers.html
Eaton,eightfold,eaton,2,false,curated,Eightfold board behind jobs.eaton.com read for Ireland (UCD Careers list),https://jobs.eaton.com/
Grifols,successfactors,jobsearch.grifols.com|Ireland,2,false,curated,SuccessFactors site searched for Ireland (UCD Careers list),https://www.grifols.com/en/careers
Cohesity,workday,cohesity:wd5:Cohesity_Careers,2,false,curated,Workday board behind cohesity.com open positions read for Ireland (UCD Careers list),https://www.cohesity.com/careers/open-positions/
Bloomberg,avature,bloomberg.avature.net/careers|Dublin,2,false,curated,Global Avature portal searched for Dublin (UCD Careers list),https://bloomberg.avature.net/careers
BMC Software,workday,bmc:wd1:BMC,3,false,curated,Workday board read for Ireland; no Irish roles open on 2026-09-30 (UCD Careers list),https://www.bmc.com/careers.html
Horizon Quantum,jazzhr,horizonquantum,3,false,curated,JazzHR careers page; Dublin is its first office outside Singapore (UCD Careers list),https://horizonquantum.applytojob.com/
MKO,personio,mko:com,3,false,curated,Personio board behind mkoireland.ie current vacancies (UCD Careers list),https://mkoireland.ie/careers/current-vacancies/
Cadence Design Systems,workday,cadence:wd1:External_Careers,2,false,curated,Workday board read for Ireland (Dublin and Cork); detection had not found it (UCD Careers list),https://www.cadence.com/en_US/home/company/careers.html
Alexion,workday,astrazeneca:wd3:Alexion,2,false,curated,AstraZeneca's Workday site for Alexion (College Park Dublin and Athlone) (UCD Careers list),https://alexion.com/careers
PTSB,corehr,ptsbrecruit|1000|,1,true,curated,CoreHR tenant; no place in the slug so each advert places its branch or Dublin office (UCD Careers list),https://www.ptsb.ie/about-us/careers/
Cognex,workday,cognex:wd1:External_Career_Site,2,false,curated,Workday board read for Ireland (Cork),https://www.cognex.com/company/careers
Merit Medical,workday,merit:wd503:Merit,2,false,curated,Workday board read for Ireland (Galway),https://www.merit.com/careers/
Hovione,jsonld,https://en-careers-hovione.icims.com/jobs/search?ss=1&in_iframe=1,2,false,curated,iCIMS portal read through its job pages' JSON-LD (Cork),https://careers.hovione.com/en
Element Six,smartrecruiters,AngloAmericanDeBeersGroup,2,false,curated,De Beers group SmartRecruiters board; its Irish roles are Element Six in Shannon,https://www.e6.com/
Bon Secours Health System,workday,easyservice:wd5:bon_secours_careers,1,false,curated,"Workday board for its hospitals in Dublin, Cork, Limerick, Tralee and Galway",https://www.bonsecours.ie/careers
Vitalograph,hibob,vitalograph,3,false,curated,HiBob careers site behind vitalograph.com (Ennis),https://vitalograph.com/about/careers
BioMarin,jobvite,biomarin,2,false,curated,Jobvite board behind biomarin.com careers (Cork),https://www.biomarin.com/careers/
Collins Aerospace,workday,globalhr:wd5:REC_RTX_Ext_Gateway,3,false,curated,RTX's Workday board read for Ireland; its Irish roles are Collins' Cork research centre,https://careers.rtx.com/
Carelon Global Solutions,workday,elevancehealth:wd1:IRL,3,false,curated,Elevance Health's Irish Workday site (Limerick); nothing open on 2026-09-30,https://www.carelon.com/
Sanmina,hrdepartment,sanminacareers.mua.hrdepartment.com,2,false,curated,HRdepartment site read whole; its Irish roles are in Fermoy,https://www.sanmina.com/careers/
Schneider Electric,icims,careers.se.com,2,false,curated,Jibe careers site read for Ireland (Dublin and Cork),https://careers.se.com/jobs
Mater Misericordiae University Hospital,rezoomo,mater-hospital,2,false,curated,Rezoomo company page framed on mater.ie,https://www.mater.ie/healthcare-professionals/job-opportunities/
Siemens,avature,jobs.siemens.com/en_US/externaljobs|42386[]=812128&listFilterMode=1|Ireland,2,false,curated,Avature portal filtered to its Ireland country value,https://jobs.siemens.com/en_US/externaljobs
Global Payments,workday,tsys:wd1:TSYS,2,false,curated,Global Payments' Workday site (TSYS) read for Ireland,https://jobs.globalpayments.com/
Bausch + Lomb,successfactors,careers.bauschlomb.com|Ireland,2,false,curated,SuccessFactors site searched for Ireland (Waterford),https://www.bausch.com/careers/
National Pen,oracle_recruiting,eihb.fa.em3.oraclecloud.com|CX_1,3,false,curated,Oracle Recruiting site behind careers.pens.com (Dundalk),https://careers.pens.com/
Aptiv,workday,aptiv:wd5:APTIV_CAREERS,3,false,curated,Workday board read for Ireland (Dublin),https://www.aptiv.com/en/careers
Alkermes,oracle_recruiting,hbap.fa.us1.oraclecloud.com|CX_1,2,false,curated,Oracle Recruiting site behind careers.alkermes.com (Athlone and Dublin),https://careers.alkermes.com/
Circle Internet Group,workday,circle:wd1:Circle,3,false,curated,Workday board read for Ireland (Dublin remote-first roles),https://www.circle.com/careers
Fidelity International,workday,fil:wd3:001,3,false,curated,Workday board read for Ireland (Dublin),https://careers.fidelityinternational.com/
Broadcom,workday,broadcom:wd1:External_Career,3,false,curated,Workday board read for Ireland (VMware's Cork campus); nothing open on 2026-09-30,https://www.broadcom.com/company/careers
Siemens Healthineers,workday,onehealthineers:wd3:SHSJB,3,false,curated,Workday board read for Ireland; nothing open on 2026-09-30,https://www.siemens-healthineers.com/careers
Optum,talentbrew,https://careers.unitedhealthgroup.com/location/ireland-jobs/34088/2963597/2,2,false,curated,UnitedHealth Group's Ireland location page; its Irish roles are Optum's in Dublin and Letterkenny,https://careers.unitedhealthgroup.com/
Kraken,ashby,kraken.com,2,false,curated,Ashby board read for Ireland (remote roles open in Ireland),https://www.kraken.com/careers
Pramerica,workday,pru:wd5:Careers,2,false,curated,Prudential Financial's Workday site; its Irish roles are PGIM Ireland in Letterkenny,https://www.pramerica.ie/
Rippling,rippling,rippling,2,false,curated,Rippling's own board (Dublin EMEA hub),https://www.rippling.com/careers
Autodesk,workday,autodesk:wd1:Ext,2,false,curated,Workday board read for Ireland (Dublin),https://www.autodesk.com/careers
ASSA ABLOY,successfactors,assaabloy.jobs2web.com|Ireland,2,false,curated,Group SuccessFactors site searched for Ireland; includes HID Global in Galway,https://careers.hidglobal.com/
onsemi,oracle_recruiting,hctz.fa.us2.oraclecloud.com|CX_1001,2,false,curated,Oracle Recruiting site read for Ireland (Cork and Limerick),https://www.onsemi.com/careers
Synopsys,talentbrew,https://careers.synopsys.com/location/ireland-jobs/44408/2963597/2,2,false,curated,TalentBrew Ireland location page (Dublin),https://careers.synopsys.com/
GE HealthCare,workday,gehc:wd5:GEHC_ExternalSite,2,false,curated,Workday board read for Ireland (Cork),https://careers.gehealthcare.com/
Prometric,dayforce,prometric|prometriccareersite,3,false,curated,Dayforce careers site (Dundalk and test centres),https://jobs.dayforcehcm.com/en-IE/prometric/prometriccareersite
Viagogo,greenhouse,viagogo,3,false,curated,Greenhouse board (Limerick),https://job-boards.eu.greenhouse.io/viagogo
Honeywell,oracle_recruiting,ibqbjb.fa.ocs.oraclecloud.com|Honeywell,3,false,curated,Oracle Recruiting site read for Ireland (Dublin),https://www.honeywell.com/us/en/careers
Yahoo,workday,ouryahoo:wd5:careers,3,false,curated,Workday board read for Ireland (Dublin),https://www.yahooinc.com/careers/
Mimecast,workday,mimecast:wd5:Mimecast-Careers,3,false,curated,Workday board read for Ireland (Dublin office); nothing open on 2026-09-30,https://careers.mimecast.com/
Avaya,successfactors,careers.avaya.com|Ireland,3,false,curated,SuccessFactors site searched for Ireland (Galway); nothing open on 2026-09-30,https://careers.avaya.com/
Skyworks,successfactors,careers.skyworksinc.com|Ireland,3,false,curated,SuccessFactors site searched for Ireland (Cork); nothing open on 2026-09-30,https://careers.skyworksinc.com/
Xperi,jobvite,xperi,3,false,curated,Jobvite board (Galway); nothing open on 2026-09-30,https://xperi.com/careers/open-positions/
Quantexa,ashby,quantexa,3,false,curated,Ashby board (Dublin office); nothing open on 2026-09-30,https://www.quantexa.com/careers/
BoyleSports,teamtailor,boylesports,2,false,curated,Teamtailor careers site (Dundalk head office and shops nationwide),https://careers.boylesports.com/
Astellas,successfactors,careers.astellas.com|Ireland,2,false,curated,SuccessFactors site searched for Ireland (Kerry and Dublin),https://careers.astellas.com/
AIG,workday,aig:wd1:aig,2,false,curated,Workday board read for Ireland (Dublin),https://www.aig.com/careers
Integer,workday,integer:wd1:External,2,false,curated,Workday board read for Ireland (New Ross and Galway),https://www.integer.net/careers/default.aspx
Flutter Entertainment,workday,flutterbe:wd3:Group_External,2,false,curated,Flutter's group Workday site read for Ireland (Dublin),https://flutter.com/careers/
Flutter Entertainment,workday,flutterbe:wd3:FlutterUKI_External,2,false,curated,Flutter UK & Ireland Workday site read for Ireland,https://flutter.com/careers/
Flutter Entertainment,workday,flutterbe:wd3:PPRetail_External,2,false,curated,Paddy Power retail Workday site read for Ireland (betting shops),https://flutter.com/careers/
CAE,workday,cae:wd3:career,2,false,curated,Workday board read for Ireland (Dublin and Shannon),https://www.cae.com/careers
Mondelez,workday,mdlz:wd3:External,2,false,curated,Workday board read for Ireland (Dublin and Rathmore),https://www.mondelezinternational.com/careers/
Statkraft,smartrecruiters,Statkraft1,2,false,curated,SmartRecruiters board behind statkraft.com job opportunities (Cork),https://www.statkraft.com/careers/job-opportunities/
Virtu Financial,greenhouse,virtu,2,false,curated,Greenhouse board (Dublin),https://www.virtu.com/careers/
Parexel,workday,parexel:wd1:Parexel_External_Careers,2,false,curated,Workday board read for Ireland (Dublin and remote),https://jobs.parexel.com/en
Concentrix,workday,cnx:wd1:external_global,2,false,curated,Workday board read for Ireland (Dublin),https://jobs.concentrix.com/
Apex Group,workday,theapexgroup:wd3:apexgroupcareers,2,false,curated,Workday board read for Ireland (Dublin; Cork and Limerick),https://www.theapexgroup.com/careers/
MetLife,avature,www.metlifecareers.com/en_US/ml|Dublin,3,false,curated,Avature portal searched for Dublin,https://www.metlifecareers.com/en_US/ml
TE Connectivity,successfactors,careers.te.com|Ireland,3,false,curated,SuccessFactors site searched for Ireland (Galway),https://careers.te.com/
Veryan Medical,bamboohr,veryanmed,3,false,curated,BambooHR board behind veryanmed.com careers (Galway),https://veryanmed.com/careers/
Alcon,workday,alcon:wd5:careers_alcon,3,false,curated,Workday board read for Ireland (Cork),https://www.alcon.com/careers/
Novo Nordisk,successfactors,careers.novonordisk.com|Ireland,3,false,curated,SuccessFactors site searched for Ireland (Athlone),https://careers.novonordisk.com/
Kainos,phenom,careers.kainos.com,3,false,curated,Phenom careers site; its Irish roles are in Dublin,https://careers.kainos.com/gb/en
Vanguard,workday,vanguard:wd5:vanguard_external,3,false,curated,Workday board read for Ireland (Dublin),https://www.vanguardjobs.com
Chubb,oracle_recruiting,fa-ewgu-saasfaprod1.fa.ocs.oraclecloud.com|CX_2001,3,false,curated,Oracle Recruiting site read for Ireland (Dublin),https://www.chubb.com/ie-en/
Smurfit Westrock,avature,westrockta.avature.net/en_US/careers|Ireland,3,false,curated,Group Avature portal searched for Ireland; Smurfit Kappa's own pages carry no Irish vacancies,https://www.smurfitwestrock.com/careers/jobs
American Express,oracle_recruiting,egug.fa.us2.oraclecloud.com|CX_1,3,false,curated,Oracle Recruiting site behind careers.americanexpress.com; nothing open in Ireland on 2026-09-30,https://careers.americanexpress.com/
Organon,workday,organon:wd5:SearchJobs,3,false,curated,Workday board read for Ireland (Swords); nothing open on 2026-09-30,https://jobs.organon.com/
Mainstream Renewable Power,bamboohr,mainstreamrp,3,false,curated,BambooHR board (Dublin head office); nothing open in Ireland on 2026-09-30,https://www.mainstreamrp.com/careers/
Learnosity,workable,learnosity,3,false,curated,Workable board behind learnosity.com careers (Dublin),https://learnosity.com/company/careers/
Wrike,greenhouse,wrike,3,false,curated,Greenhouse board; its Irish roles are remote from Ireland (Dublin office),https://www.wrike.com/jobs/
Kitman Labs,lever,kitmanlabs,3,false,curated,Lever board (Dublin head office); nothing open on 2026-10-01,https://www.kitmanlabs.com/
Kaseya,greenhouse,kaseya,3,false,curated,Greenhouse board behind kaseya.com careers (Dublin; Datto is part of Kaseya),https://www.kaseya.com/careers/jobs/
Paysafe,hibob,paysafe,3,false,curated,HiBob careers site linked from paysafe.com (Dublin),https://www.paysafe.com/en/careers/
New Relic,greenhouse,newrelic,3,false,curated,Greenhouse board (Dublin),https://newrelic.com/careers
Payoneer,greenhouse,payoneer,3,false,curated,Greenhouse board (Dublin),https://careers.payoneer.com/
Pure Storage,greenhouse,purestorage,3,false,curated,Greenhouse board read for Ireland (Cork and Dublin),https://www.everpuredata.com/company/careers.html
Gallagher,icims,jobs.ajg.com,2,false,curated,Gallagher's Jibe careers site read for Ireland (its Irish brokers in Dublin and Kerry),https://jobs.ajg.com/ajg-home
PartnerRe,successfactors,careers.partnerre.com|Ireland,2,false,curated,SuccessFactors site searched for Ireland (Dublin),https://careers.partnerre.com/
Intact Insurance Ireland,careers_html,https://careers.rsagroup.ie/vacancyList.php,2,false,curated,Formerly RSA; vacancy list on its own careers site (Dublin and Galway),https://intactinsurance.ie/careers
Carbery,workday,carbery:wd3:carbery_external_careers,3,false,curated,Workday board read for Ireland (Ballineen),https://www.carbery.com/
Zoetis,workday,zoetis:wd5:zoetis_intl,3,false,curated,Zoetis' international Workday site read for Ireland (Dublin),https://www.zoetis.com/join-us
Arachas,teamtailor,theardonaghgroup,3,false,curated,Ardonagh group Teamtailor board; Arachas is its Irish broker,https://www.arachas.ie/careers
Kirby Group Engineering,wordpress,careers.kirbygroup.com|job-listings,2,false,curated,WP Job Manager listings read through the WordPress REST API (Ireland and Europe),https://careers.kirbygroup.com/
NTT DATA,phenom,careers.nttdata.com,2,false,curated,Phenom careers site read for Ireland (Dublin),https://careers.nttdata.com/global/en
Intersport Elverys,hirehive,intersport-elverys,2,false,curated,HireHive board behind elverys.ie recruitment (shops nationwide),https://www.elverys.ie/pages/recruitment-vacancies
H&M,smartrecruiters,HMGroup,2,false,curated,SmartRecruiters board read for Ireland (stores),https://career.hm.com/
Pernod Ricard,workday,pernodricard:wd3:pernod-ricard,3,false,curated,Workday board read for Ireland (Irish Distillers in Dublin and Cork),https://www.pernod-ricard.com/en/careers
Kellanova,successfactors,jobs.kellanova.com|Ireland,3,false,curated,SuccessFactors site searched for Ireland (Dublin),https://jobs.kellanova.com/
Mr Price,careers_html,https://careers.mrprice.ie/jobs,3,false,curated,Vacancy list on its own careers site (Irish stores),https://careers.mrprice.ie/
Dealz,careers_html,https://search.poundlanddealzcareers.com/vacancies/,3,false,curated,Poundland and Dealz vacancy list; its Irish roles are Dealz stores,https://www.poundlanddealzcareers.com/
Xtremepush,personio,xtremepush:com,3,false,curated,Personio board read through its search.json (the XML feed is off; Dublin),https://www.xtremepush.com/careers
Dawn Meats,jsonld,https://careers-dawnmeats.icims.com/jobs/search?ss=1&in_iframe=1,2,false,curated,iCIMS portal read through its job pages' JSON-LD (plants nationwide),https://www.dawnmeats.com/careers/current-opportunities/
Dairygold,corehr,dgrecruit|402|Ireland,2,false,curated,CoreHR tenant (company 402) linked from dairygold.ie careers (Cork and Limerick),https://www.dairygold.ie/careers/
Munster Technological University,corehr,mturecruit|1|Ireland,2,false,curated,CoreHR tenant linked from mtu.ie vacancies (Cork and Kerry campuses),https://www.mtu.ie/vacancies/
Electronic Arts,avature,jobs.ea.com/en_US/careers|Ireland,3,false,curated,Avature portal searched for Ireland (Galway studio),https://www.ea.com/careers
Charityjobs.ie,jsonld,"https://www.charityjobs.ie/jobs|employers|max=200|match=/jobs/\d{6,}-",3,false,board,Charity and not-for-profit jobs board; each advert filed under the charity that posted it,https://www.charityjobs.ie/jobs
localgovernmentjobs.ie,localgov,all,3,false,board,"Local Government Management Agency board: vacancies for every council, filed under the council that posted them",https://www.localgovernmentjobs.ie/Search/Vacancies
JobAlert.ie,jobalert,all,3,false,board,"Irish-owned job board strong on shops, hotels, care and trades; each advert filed under its employer",https://www.jobalert.ie/jobs
Spar Ireland,recruitee,sparcareers,3,false,part-time-sweep,Spar shops nationwide (BWG),https://www.spar.ie/
Londis Ireland,recruitee,londiscareers,3,false,part-time-sweep,Londis shops nationwide (BWG),https://www.londis.ie/
Eurospar,recruitee,eurosparcareers,3,false,part-time-sweep,Eurospar supermarkets (BWG),https://eurospar.ie
BWG Foods,recruitee,bwgfoods,3,false,part-time-sweep,"Wholesale, depots and Cash & Carry",https://www.bwg.ie/
Lidl Ireland,lidl,jobs.lidl.ie,2,false,bespoke,"Lidl's own job site API: every store, warehouse and head office vacancy",https://jobs.lidl.ie/jobsearch
Estée Lauder Companies,eightfold,elcompanies,3,false,part-time-sweep,"Beauty counters in Brown Thomas, Arnotts and Boots",https://careers.elcompanies.com/careers
Levi Strauss,workday,levistraussandco:wd5:External,3,false,part-time-sweep,Kildare Village and Grafton Street stores,https://www.levistrauss.com/work-with-us/
Nike,workday,nike:wd1:nke,3,false,part-time-sweep,Kildare Village and Blanchardstown stores,https://careers.nike.com/
Abercrombie & Fitch,workday,abercrombie:wd108:anf,3,false,part-time-sweep,Hollister and Abercrombie stores,https://corporate.abercrombie.com/careers/home-offices/
Kiko Milano,recruitee,kikomilano,3,false,part-time-sweep,Cosmetics stores,https://www.kikocosmetics.com/en-ie/
Mountain Warehouse,pinpoint,mountainwarehouse,3,false,part-time-sweep,Outdoor clothing stores,https://www.mountainwarehouse.com/
Lush,pinpoint,lush,3,false,part-time-sweep,Cosmetics shops,https://lush.pinpointhq.com/
Skechers,workday,skechers:wd5:One-career-site,3,false,part-time-sweep,Footwear stores,https://careers.skechers.com/us/en/search-results
Claire's,workday,claires:wd12:Claires,3,false,part-time-sweep,Accessories stores,https://claires.wd12.myworkdayjobs.com/Claires
Hilton,oracle_recruiting,efet.fa.us2.oraclecloud.com|CX_1,3,false,part-time-sweep,Hilton hotels in Ireland,https://jobs.hilton.com
Marriott International,oracle_recruiting,ejwl.fa.us2.oraclecloud.com|CX,3,false,part-time-sweep,"Marriott hotels in Ireland, the Shelbourne among them",https://careers.marriott.com
Relais & Châteaux Ireland,smartrecruiters,RelaisChateaux,3,false,part-time-sweep,"Irish member hotels: Cashel Palace, Park Hotel Kenmare and others",https://www.parkkenmare.com/careers
Boojum,teamtailor,boojumltd,3,false,part-time-sweep,Burrito restaurants,https://boojummex.com/work-at-boojum
Shake Shack,workday,shakeshack:wd5:External,3,false,part-time-sweep,Dublin restaurants,https://careers.shakeshack.com/
Live Nation Ireland,workday,livenation:wd503:LNExternalSite,3,false,part-time-sweep,"3Arena, Ticketmaster and venues",https://www.livenation.co.uk
EPIC The Irish Emigration Museum,bamboohr,epicchq,3,false,part-time-sweep,Dublin visitor attraction,https://epicchq.com/contact/careers/
Entain (Ladbrokes),smartrecruiters,Entain,3,false,part-time-sweep,Ladbrokes betting shops,https://www.entaingroup.com/
Irish Wheelchair Association,hirehive,irish-wheelchair-association,3,false,part-time-sweep,"Personal assistants, drivers and community services",https://www.iwa.ie/careers/
Focus Ireland,hirehive,focus-ireland,3,false,part-time-sweep,Homeless services,https://www.focusireland.ie/housing-first-jobs/
Gheel Autism Services,hirehive,gheel-autism-service,3,false,part-time-sweep,Residential and day services,https://www.gheel.ie/joinus/
ALONE,bamboohr,alone,3,false,part-time-sweep,Older people's services,https://alone.ie/careers/
Irish Cancer Society,hirehive,irish-cancer-society,3,false,part-time-sweep,"Night nurses, shops and services",https://www.cancer.ie/about-our-work/work-with-us
Crosscare,hirehive,crosscare,3,false,part-time-sweep,Dublin diocese social care,https://crosscare.ie/vacancies/
Irish Red Cross,hirehive,irish-red-cross,3,false,part-time-sweep,Community and shop roles,https://www.redcross.ie/careers/
GOAL,greenhouse,goal,3,false,part-time-sweep,Dublin head office,https://goalglobal.wpengine.com/careers/
Giraffe Childcare,icims,careers-giraffe,3,false,part-time-sweep,Creches nationwide,https://www.giraffe.ie/
Right at Home Ireland,teamtailor,rightathomecork,3,false,part-time-sweep,"Home care, Cork",https://jobs.rightathome.ie
An Post,oracle_recruiting,fa-ewnd-saasfaprod1.fa.ocs.oraclecloud.com|CX_2001,3,false,part-time-sweep,"Postal, delivery and Christmas casual roles",https://www.anpost.com/Working-with-An-Post/Careers
Europcar Ireland,workday,europcar:wd103:EuropcarCareerPage,3,false,part-time-sweep,Car rental branches and GoCar,https://www.europcar.ie/en-ie
JLL,workday,jll:wd1:jllcareers,3,false,part-time-sweep,Workplace and facilities services,https://www.jll.com/en-us/locations/ireland
Western Union,workday,westernunion:wd5:WesternUnionJobs,3,false,part-time-sweep,Dublin operations,https://careers.westernunion.com
Dublin Simon Community,peoplefirst,dubsimon,3,false,part-time-sweep,Homeless services; People First board,https://dubsimon.jobs.people-first.com/
Mowlam Healthcare,candidatemanager,YGTUU|YBDY,3,false,part-time-sweep,Nursing homes nationwide,https://www.mowlamhealthcare.com/careers/
Marks & Spencer Ireland,oracle_recruiting,fa-eqid-saasfaprod1.fa.ocs.oraclecloud.com|CX_1,3,false,part-time-sweep,Irish stores and Christmas sales advisers,https://jobs.marksandspencer.com/
Nando's Ireland,workday,nandos:wd3:Nandos,3,false,part-time-sweep,Restaurants,https://www.nandos.ie/careers
Mace Ireland,recruitee,macecareers,3,false,part-time-sweep,Mace shops and delis (BWG),https://www.mace.ie/
Fallon & Byrne,teamtailor,fallonbyrne,3,false,part-time-sweep,"Food hall and restaurant, Dublin",https://fallonandbyrne.com
"PVH (Tommy Hilfiger, Calvin Klein)",workday,pvh:wd1:PVH_Careers,3,false,part-time-sweep,Tommy Hilfiger and Calvin Klein stores,https://careers.pvh.com/us/en
Irish Hospice Foundation,hirehive,irish-hospice-foundation,3,false,part-time-sweep,Hospice services,https://hospicefoundation.ie/careers-in-ihf/
